-- --------------------------------------------------------
-- Хост:                         127.0.0.1
-- Версия сервера:               5.6.51 - MySQL Community Server (GPL)
-- Операционная система:         Win64
-- HeidiSQL Версия:              12.0.0.6468
-- --------------------------------------------------------

/*!40101 SET @OLD_CHARACTER_SET_CLIENT=@@CHARACTER_SET_CLIENT */;
/*!40101 SET NAMES utf8 */;
/*!50503 SET NAMES utf8mb4 */;
/*!40103 SET @OLD_TIME_ZONE=@@TIME_ZONE */;
/*!40103 SET TIME_ZONE='+00:00' */;
/*!40014 SET @OLD_FOREIGN_KEY_CHECKS=@@FOREIGN_KEY_CHECKS, FOREIGN_KEY_CHECKS=0 */;
/*!40101 SET @OLD_SQL_MODE=@@SQL_MODE, SQL_MODE='NO_AUTO_VALUE_ON_ZERO' */;
/*!40111 SET @OLD_SQL_NOTES=@@SQL_NOTES, SQL_NOTES=0 */;

-- Дамп данных таблицы mediaservice.active_ads: ~0 rows (приблизительно)
DELETE FROM `active_ads`;

-- Дамп данных таблицы mediaservice.categories: ~10 rows (приблизительно)
DELETE FROM `categories`;
INSERT INTO `categories` (`id`, `name`, `created_at`, `updated_at`, `deleted_at`) VALUES
	(1, 'Размещение рекламы', '2022-11-16 06:52:09', '2022-11-16 06:52:09', NULL),
	(2, 'Изготовление рекламы', '2022-11-16 06:53:21', '2022-11-16 06:53:21', NULL),
	(3, '123132', '2022-11-16 06:56:01', '2022-11-16 06:57:20', '2022-11-16 06:57:20'),
	(4, '1231234444', '2022-11-16 06:59:52', '2022-11-16 07:00:02', '2022-11-16 07:00:02'),
	(5, '123123', '2022-11-19 03:42:50', '2022-11-19 03:42:50', NULL),
	(6, '123', '2022-11-19 04:04:51', '2022-11-19 04:06:13', '2022-11-19 04:06:13'),
	(7, '124124', '2022-11-19 04:04:53', '2022-11-19 04:06:16', '2022-11-19 04:06:16'),
	(8, '124124', '2022-11-19 04:04:55', '2022-11-19 04:06:18', '2022-11-19 04:06:18'),
	(9, '1123123', '2022-11-19 04:04:57', '2022-11-19 04:06:23', '2022-11-19 04:06:23'),
	(10, '124124', '2022-11-19 04:04:59', '2022-11-19 04:06:25', '2022-11-19 04:06:25');

-- Дамп данных таблицы mediaservice.claims: ~11 rows (приблизительно)
DELETE FROM `claims`;
INSERT INTO `claims` (`id`, `service_id`, `user_id`, `client_id`, `amount`, `deadline`, `created_at`, `updated_at`, `deleted_at`, `isInvoice`, `invoice`, `period`, `brif`, `output`, `package_id`, `creator`, `isRead`, `comment`, `isClose`, `commentClose`) VALUES
	(29, 1, NULL, 39, 5678.00, '2022-12-10 19:40:00', '2022-12-05 10:40:12', '2022-12-06 06:23:26', NULL, 0, NULL, NULL, NULL, NULL, NULL, 1, 1, NULL, 0, NULL),
	(30, 7, 1, 39, 567.00, '2022-12-14 14:20:00', '2022-12-06 05:20:43', '2022-12-08 07:28:21', NULL, 0, NULL, NULL, NULL, NULL, NULL, 1, 1, NULL, 0, NULL),
	(31, 7, 8, 39, 132.00, '2022-12-14 14:20:00', '2022-12-06 05:42:42', '2022-12-07 05:08:00', NULL, 0, NULL, NULL, NULL, NULL, NULL, 1, 1, 'We\'ll also be forced to use the the server property when uploading files on older browsers. Because older browsers don\'t support setting the file input element value we have no other way to upload dropped files to the server.\r\n', 0, NULL),
	(32, 7, 1, 39, 666.00, '2022-12-08 16:20:00', '2022-12-07 07:21:06', '2022-12-08 07:28:18', NULL, 1, NULL, NULL, NULL, NULL, 2, 1, 1, NULL, 0, NULL),
	(33, 8, 3, 40, 5000.00, '2022-12-22 12:17:00', '2022-12-08 03:18:52', '2022-12-10 06:42:30', NULL, 1, 'invoices/2022-12-10/k2JeuxiRfnnMTFd8NYNnOUuYXrIMloyhyrDMhwWG.png', '02.01.2023 | 16.01.2023', 'images/2022-12-08/tlTxsCPL4vgbPHne9K39WKVcYxF1kkF1Ej9SAJ1N.doc', '10 выходов в день', NULL, 1, 1, 'Тут комментарий к заявке', 0, NULL),
	(34, 4, 1, 40, 900.00, '2022-12-13 16:07:00', '2023-01-02 07:07:16', '2022-12-14 01:49:53', NULL, 0, NULL, NULL, NULL, NULL, NULL, 1, 1, NULL, 0, NULL),
	(35, 8, 1, 40, 123.00, '2022-12-09 17:32:00', '2022-12-08 08:32:43', '2022-12-25 15:57:14', NULL, 0, NULL, NULL, NULL, NULL, NULL, 3, 1, '123', 0, NULL),
	(36, 4, 1, 40, 123123.00, '2022-12-15 17:38:00', '2022-12-08 08:38:33', '2022-12-08 12:14:59', NULL, 0, NULL, NULL, NULL, NULL, NULL, 1, 1, '123444', 1, 'Заявку выполнить невозможно'),
	(37, 1, NULL, 40, 12345.00, '2022-12-16 10:39:00', '2022-12-14 01:39:13', '2022-12-14 01:42:59', NULL, 1, 'invoices/2022-12-14/fNdu1ItCLm3nVckIGnXcsYdgwNoh7ujthozmCIgp.png', NULL, NULL, NULL, NULL, 1, 0, '123123', 0, NULL),
	(38, 4, 1, 40, 1234.00, '2022-12-17 10:40:00', '2022-12-14 01:40:51', '2022-12-14 01:49:51', NULL, 0, NULL, NULL, NULL, NULL, NULL, 1, 1, '123', 0, NULL),
	(39, 4, 1, 39, 25000.00, '2022-12-31 20:03:00', '2022-12-25 16:04:21', '2022-12-25 16:04:34', NULL, 1, NULL, NULL, NULL, '12', NULL, 1, 1, 'Выполнить заявку -----', 0, NULL);

-- Дамп данных таблицы mediaservice.claim_files: ~7 rows (приблизительно)
DELETE FROM `claim_files`;
INSERT INTO `claim_files` (`id`, `claim_id`, `file`, `created_at`, `updated_at`) VALUES
	(7, 24, 'materials/638dc385eba9d-1670235013/translate.png', '2022-12-05 10:10:13', '2022-12-05 10:10:13'),
	(8, 24, 'materials/638dc385eba9d-1670235013/microphone.png', '2022-12-05 10:10:13', '2022-12-05 10:10:13'),
	(9, 32, 'materials/638dc385eba9d-1670235013/competence.png', '2022-12-05 10:10:13', '2022-12-05 10:10:13'),
	(10, 32, 'materials/638dc403a19e7-1670235139/translate.png', '2022-12-05 10:12:19', '2022-12-05 10:12:19'),
	(11, 33, 'materials/6391579cb2ae5-1670469532/translate.png', '2022-12-08 03:18:52', '2022-12-08 03:18:52'),
	(12, 33, 'materials/6391579cb2ae5-1670469532/microphone.png', '2022-12-08 03:18:52', '2022-12-08 03:18:52'),
	(13, 33, 'materials/6391579cb2ae5-1670469532/competence.png', '2022-12-08 03:18:52', '2022-12-08 03:18:52');

-- Дамп данных таблицы mediaservice.clients: ~9 rows (приблизительно)
DELETE FROM `clients`;
INSERT INTO `clients` (`id`, `name`, `phone`, `address`, `email`, `date_of_birth`, `created_at`, `updated_at`, `website`, `logo`, `deleted_at`, `isAllow`, `user_id`) VALUES
	(32, 'Тестовое название', '+7(914)808-95-55', 'Чита', 'romerayun@gmail.com', '2020-11-20', '2022-11-06 12:35:24', '2022-11-26 00:18:59', '123', 'images/2022-11-08/BG5ECzJEEn5aZuoYbdjLCZJMRawlpcjDTpp3I3mr.png', '2022-11-26 00:18:59', 1, NULL),
	(33, '1233', '+7(123)344-55-55', '122', 'romerayun@gmail.com', '2022-11-02', '2022-11-07 02:46:52', '2022-11-07 03:15:47', '222', 'images/2022-11-07/1ehyi569yEJs5XBu2xq9rUx9dWo7oFzXlAnuHqRc.png', '2022-11-07 03:15:47', 1, NULL),
	(34, 'Назание компании', '+7(800)555-35-35', 'Чита', 'mail@mail.ru', '2020-12-20', '2022-11-08 02:40:01', '2022-11-26 00:19:03', 'Hren.ru', 'images/2022-11-08/NBn3ATMOEeg0rQJF8AOBEnpbBHDvIz72TPKeWe7W.png', '2022-11-26 00:19:03', 1, NULL),
	(35, '12345678', '+7(123)443-22-67', NULL, NULL, NULL, '2022-11-17 08:21:41', '2022-11-25 02:49:03', NULL, NULL, '2022-11-25 02:49:03', 1, NULL),
	(36, 'Новый клиент', '+7(123)123-12-31', NULL, NULL, NULL, '2022-11-25 02:47:24', '2022-11-25 02:48:59', NULL, NULL, '2022-11-25 02:48:59', 1, NULL),
	(37, 'Новый клиент', '+7(123)123-12-31', NULL, NULL, NULL, '2022-11-25 02:48:08', '2022-11-25 02:48:57', NULL, NULL, '2022-11-25 02:48:57', 1, NULL),
	(38, '132132123', '+7(123)112-31-23', NULL, NULL, NULL, '2022-11-25 02:48:41', '2022-11-25 02:48:53', NULL, NULL, '2022-11-25 02:48:53', 1, NULL),
	(39, 'Новый клиент', '+7(123)123-12-31', NULL, NULL, '2022-12-31', '2022-11-25 02:49:12', '2022-11-25 02:49:12', NULL, NULL, NULL, 1, 1),
	(40, '234', '+7(234)234-23-42', '234', 'info@gmail.com', '2010-12-26', '2022-12-05 07:02:13', '2022-12-05 07:02:13', 'https://namesite.com', 'images/2022-12-05/p5qCaY38XPU8HzXSEX3OoK0OWMkKJazy2Fd0NSGR.jpg', NULL, 1, 1),
	(41, '123', '+7(123)123-12-33', NULL, NULL, NULL, '2022-12-25 15:08:39', '2022-12-25 16:22:41', NULL, NULL, NULL, 0, NULL);

-- Дамп данных таблицы mediaservice.failed_jobs: ~0 rows (приблизительно)
DELETE FROM `failed_jobs`;

-- Дамп данных таблицы mediaservice.goals: ~27 rows (приблизительно)
DELETE FROM `goals`;
INSERT INTO `goals` (`id`, `text`, `deadline`, `exposed`, `user_id`, `status`, `created_at`, `updated_at`, `client_id`, `deleted_at`, `isRead`, `isReadExpired`, `isRepeat`, `start_date`, `color`, `allDay`, `rrule`, `remind_at`, `birthday`, `client_lpr_id`, `claim_id`) VALUES
	(145, 'Rule', '2022-12-03 06:00:00', 1, 1, 2, '2022-12-19 07:46:48', '2022-12-23 02:29:32', NULL, NULL, 1, 1, 0, '2022-12-03 05:00:00', '#e32400', 0, NULL, NULL, 0, NULL, NULL),
	(146, 'Test', '2022-12-01 04:00:00', 1, 1, 1, '2022-12-19 07:47:33', '2022-12-23 02:25:19', NULL, '2022-12-23 02:25:19', 1, 0, 0, '2022-12-01 01:30:00', '#561029', 0, NULL, NULL, 0, NULL, NULL),
	(147, 'rawest', '2022-12-02 07:00:00', 3, 1, 1, '2022-12-19 07:48:36', '2022-12-23 02:14:06', NULL, NULL, 1, 0, 0, '2022-12-02 05:00:00', '#4f7a28', 1, NULL, NULL, 0, NULL, NULL),
	(148, '213132132', '2022-12-20 19:00:00', 1, 1, 2, '2022-12-19 12:24:10', '2022-12-24 17:32:21', NULL, NULL, 1, 1, 1, '2022-12-20 12:00:00', '#9a244f', 0, NULL, NULL, 0, NULL, NULL),
	(166, '12314', '2022-12-01 01:00:00', 1, 1, 1, '2022-12-22 09:05:27', '2022-12-23 02:19:01', NULL, '2022-12-23 02:19:01', 1, 0, 0, '2022-12-01 00:00:00', '#3a87ad', 0, NULL, NULL, 0, NULL, NULL),
	(167, 'Recurring event', '2022-12-08 03:30:00', 1, 1, 1, '2022-12-22 09:06:13', '2022-12-23 02:25:30', NULL, '2022-12-23 02:25:30', 1, 0, 0, '2022-12-08 00:00:00', '#9a244f', 0, 'FREQ=WEEKLY;DTSTART=20221130T000000Z;INTERVAL=1', NULL, 0, NULL, NULL),
	(168, 'rural', '2022-12-01 01:00:00', 1, 1, 0, '2022-12-23 02:34:02', '2022-12-23 02:34:36', NULL, '2022-12-23 02:34:36', 0, 0, 0, '2022-12-01 00:00:00', '#791a3e', 0, 'FREQ=WEEKLY;DTSTART=20221201T000000Z;INTERVAL=1;BYDAY=WE,TH', NULL, 0, NULL, NULL),
	(169, '124444', '2022-12-03 01:00:00', 1, 8, 2, '2022-12-24 11:23:46', '2022-12-25 09:38:45', NULL, NULL, 0, 0, 0, '2022-12-01 00:00:00', '#3a87ad', 0, NULL, NULL, 0, NULL, NULL),
	(170, 'Test btn', '2022-12-24 15:33:22', 1, 1, 2, '2022-12-24 11:33:37', '2022-12-24 13:09:54', NULL, NULL, 1, 1, 0, '2022-12-24 14:33:22', '#2bbf2e', 0, NULL, NULL, 0, NULL, NULL),
	(171, 'Test 2', '2022-12-02 01:00:00', 1, 1, 2, '2022-12-24 13:05:33', '2022-12-24 13:09:54', NULL, NULL, 1, 1, 0, '2022-12-02 00:00:00', '#8c20a2', 0, NULL, NULL, 0, NULL, NULL),
	(172, '1234', '2022-12-26 09:30:00', 1, 1, 0, '2022-12-24 13:11:58', '2022-12-25 09:57:03', NULL, NULL, 0, 0, 0, '2022-12-25 15:00:00', '#39ac77', 0, NULL, NULL, 0, NULL, NULL),
	(173, 'TESATS', '2022-12-01 01:00:00', 1, 1, 2, '2022-12-24 14:15:34', '2022-12-24 16:02:44', NULL, NULL, 0, 1, 0, '2022-12-01 00:00:00', '#9ebe27', 0, NULL, NULL, 0, NULL, NULL),
	(174, '444788', '2022-12-01 01:00:00', 1, 1, 2, '2022-12-24 14:20:03', '2022-12-24 16:02:44', NULL, NULL, 0, 1, 0, '2022-12-01 00:00:00', '#cb2ab6', 0, NULL, NULL, 0, NULL, NULL),
	(175, 'Позвонить клиенту Бла бла', '2022-12-27 16:00:00', 1, 1, 1, '2022-12-24 16:11:05', '2022-12-25 09:43:30', NULL, NULL, 0, 0, 0, '2022-12-27 13:00:00', '#3a87ad', 0, NULL, NULL, 0, NULL, NULL),
	(177, '465465645', '2022-12-24 01:00:00', 1, 1, 2, '2022-12-24 16:39:19', '2022-12-24 17:27:45', NULL, '2022-12-24 17:27:45', 0, 1, 0, '2022-12-24 00:00:00', '#0b8fd0', 0, 'FREQ=WEEKLY;DTSTART=20221224T000000Z;INTERVAL=1;BYDAY=WE,TH', NULL, 0, NULL, NULL),
	(179, '213132132', '2022-12-25 17:30:00', 1, 1, 2, '2022-12-24 16:53:06', '2022-12-24 16:53:06', NULL, NULL, 1, 1, 0, '2022-12-25 12:00:00', '#9a244f', 0, NULL, NULL, 0, NULL, NULL),
	(180, 'Тестовое название', '2022-12-28 13:00:00', 1, 1, 1, '2022-12-24 17:28:14', '2022-12-25 09:42:43', NULL, NULL, 0, 0, 0, '2022-12-28 12:00:00', '#19b898', 0, NULL, NULL, 0, NULL, NULL),
	(181, 'TEST EVENT', '2022-12-26 11:00:00', 1, 1, 0, '2022-12-25 08:51:56', '2022-12-25 09:02:05', NULL, NULL, 0, 0, 0, '2022-12-26 10:00:00', '#a648ad', 0, NULL, NULL, 0, NULL, NULL),
	(182, '4654654', '2022-12-26 00:00:00', 1, 1, 0, '2022-12-25 09:22:44', '2022-12-25 09:22:44', NULL, NULL, 0, 0, 0, '2022-12-25 00:00:00', '#22546d', 1, NULL, NULL, 0, NULL, NULL),
	(183, '354345', '2022-12-21 04:30:00', 1, 1, 2, '2022-12-25 09:26:22', '2022-12-25 09:40:17', NULL, NULL, 0, 1, 0, '2022-12-21 04:00:00', '#405763', 0, NULL, NULL, 0, NULL, NULL),
	(184, 'Позвонить клиенту', '2022-12-26 13:00:00', 1, 1, 0, '2022-12-25 09:56:43', '2022-12-25 09:56:43', 39, NULL, 0, 0, 0, '2022-12-26 12:00:00', '#3a87ad', 0, NULL, NULL, 0, NULL, NULL),
	(185, 'Email test', '2022-12-27 01:00:00', 1, 1, 0, '2022-12-25 12:57:48', '2022-12-25 13:00:02', NULL, NULL, 0, 0, 0, '2022-12-27 00:00:00', '#15cb21', 0, NULL, NULL, 0, NULL, NULL),
	(189, 'День рождения у клиента - 234', '2022-12-27 00:00:00', 1, 1, 0, '2022-12-25 13:34:01', '2022-12-25 13:34:01', 40, NULL, 0, 0, 0, '2022-12-26 00:00:00', '#3a87ad', 1, NULL, NULL, 1, NULL, NULL),
	(190, 'День рождения у клиента - Новый клиент', '2023-01-01 00:00:00', 1, 1, 0, '2022-12-25 13:36:01', '2022-12-25 13:36:01', 39, NULL, 0, 0, 0, '2022-12-31 00:00:00', '#3a87ad', 1, NULL, NULL, 1, NULL, NULL),
	(196, 'Создана заявка - Аудиоролик', '2022-12-10 00:00:00', 1, 3, 0, '2022-12-25 15:57:03', '2022-12-25 15:57:14', 40, '2022-12-25 15:57:14', 0, 0, 0, '2022-12-25 00:00:00', '#3a87ad', 1, NULL, NULL, 0, NULL, 35),
	(197, 'Создана заявка - Аудиоролик', '2022-12-10 00:00:00', 1, 1, 0, '2022-12-25 15:57:14', '2022-12-25 15:57:14', 40, NULL, 0, 0, 0, '2022-12-25 00:00:00', '#3a87ad', 1, NULL, NULL, 0, NULL, 35),
	(198, 'Заявка для выполенения - 4444', '2023-01-01 00:00:00', 1, 1, 0, '2022-12-25 16:04:34', '2022-12-25 16:04:34', 39, NULL, 0, 0, 0, '2022-12-25 00:00:00', '#3a87ad', 1, NULL, NULL, 0, NULL, 39);

-- Дамп данных таблицы mediaservice.goal_files: ~0 rows (приблизительно)
DELETE FROM `goal_files`;

-- Дамп данных таблицы mediaservice.groups: ~3 rows (приблизительно)
DELETE FROM `groups`;
INSERT INTO `groups` (`id`, `name`, `created_at`, `updated_at`) VALUES
	(2, 'Отдел видеопроизводства', '2022-11-08 09:47:23', '2022-11-09 01:51:21'),
	(3, 'Отдел продаж', '2022-11-09 01:53:34', '2022-11-09 01:53:34'),
	(4, 'Тест', '2022-11-18 01:18:56', '2022-11-18 01:18:56');

-- Дамп данных таблицы mediaservice.history_claims: ~46 rows (приблизительно)
DELETE FROM `history_claims`;
INSERT INTO `history_claims` (`id`, `user_id`, `status_id`, `comment`, `created_at`, `updated_at`, `deleted_at`, `claim_id`) VALUES
	(1, 1, 3, 'Заявка создана', '2022-12-05 10:40:12', '2022-12-05 10:40:12', NULL, 29),
	(2, 1, 2, 'kjhkjh', '2022-12-05 11:03:56', '2022-12-05 11:03:56', NULL, 29),
	(3, 1, 3, 'Заявка создана', '2022-12-06 05:20:43', '2022-12-06 05:20:43', NULL, 30),
	(4, 1, 3, 'Заявка создана', '2022-12-06 05:42:42', '2022-12-06 05:42:42', NULL, 31),
	(5, 1, 4, 'Назначен ответственный за выполнение заявки', '2022-12-07 05:08:00', '2022-12-07 05:08:00', NULL, 31),
	(6, 1, 3, 'Заявка создана', '2022-12-07 07:21:06', '2022-12-07 07:21:06', NULL, 32),
	(7, 1, 2, '123', '2022-12-08 00:49:09', '2022-12-08 00:49:09', NULL, 32),
	(8, 1, 3, 'Заявка создана', '2022-12-08 03:18:52', '2022-12-08 03:18:52', NULL, 33),
	(9, 1, 4, 'Назначен ответственный за выполнение заявки', '2022-12-08 03:19:05', '2022-12-08 03:19:05', NULL, 33),
	(10, 1, 2, NULL, '2022-12-08 03:23:25', '2022-12-08 03:23:25', NULL, 33),
	(11, 1, 4, 'Назначен ответственный за выполнение заявки', '2022-12-08 05:55:43', '2022-12-08 05:55:43', NULL, 33),
	(12, 1, 4, 'Назначен ответственный за выполнение заявки', '2022-12-08 05:55:57', '2022-12-08 05:55:57', NULL, 33),
	(13, 1, 3, 'Заявка создана', '2022-12-08 07:07:16', '2022-12-08 07:07:16', NULL, 34),
	(14, 1, 4, 'Принял для выполнения', '2022-12-08 07:15:45', '2022-12-08 07:15:45', NULL, 34),
	(15, 1, 4, 'Принял для выполнения', '2022-12-08 07:16:51', '2022-12-08 07:16:51', NULL, 34),
	(16, 1, 4, 'Принял для выполнения', '2022-12-08 07:17:31', '2022-12-08 07:17:31', NULL, 34),
	(17, 1, 4, 'Принял для выполнения', '2022-12-08 07:18:32', '2022-12-08 07:18:32', NULL, 34),
	(18, 1, 4, 'Принял для выполнения', '2022-12-08 07:28:18', '2022-12-08 07:28:18', NULL, 32),
	(19, 1, 4, 'Принял для выполнения', '2022-12-08 07:28:21', '2022-12-08 07:28:21', NULL, 30),
	(20, 1, 2, 'аарыар. рмрваыаы р а ол', '2022-12-08 08:28:33', '2022-12-08 08:28:33', NULL, 32),
	(21, 1, 3, 'Заявка создана', '2022-12-08 08:32:43', '2022-12-08 08:32:43', NULL, 35),
	(22, 1, 4, 'Назначен ответственный за выполнение заявки', '2022-12-08 08:33:22', '2022-12-08 08:33:22', NULL, 35),
	(23, 1, 3, 'Заявка создана', '2022-12-08 08:38:33', '2022-12-08 08:38:33', NULL, 36),
	(24, 1, 4, 'Принял для выполнения', '2022-12-08 08:39:40', '2022-12-08 08:39:40', NULL, 36),
	(25, 1, 4, 'Принял для выполнения', '2022-12-08 10:58:44', '2022-12-08 10:58:44', NULL, 36),
	(26, 1, 5, 'Заявку выполнить невозможно', '2022-12-08 12:14:59', '2022-12-08 12:14:59', NULL, 36),
	(27, 1, 6, NULL, '2022-12-09 06:45:16', '2022-12-09 06:45:16', NULL, 33),
	(28, 1, 6, NULL, '2022-12-09 06:45:35', '2022-12-09 06:45:35', NULL, 33),
	(29, 1, 6, NULL, '2022-12-09 06:47:07', '2022-12-09 06:47:07', NULL, 33),
	(30, 1, 6, 'Обновлен счет на оплату', '2022-12-10 06:42:30', '2022-12-10 06:42:30', NULL, 33),
	(31, 1, 3, 'Заявка создана', '2022-12-14 01:39:13', '2022-12-14 01:39:13', NULL, 37),
	(32, 1, 3, 'Заявка создана', '2022-12-14 01:40:51', '2022-12-14 01:40:51', NULL, 38),
	(33, 1, 6, 'Выставлен счет', '2022-12-14 01:42:59', '2022-12-14 01:42:59', NULL, 37),
	(34, 1, 4, 'Принял для выполнения', '2022-12-14 01:49:51', '2022-12-14 01:49:51', NULL, 38),
	(35, 1, 4, 'Принял для выполнения', '2022-12-14 01:49:53', '2022-12-14 01:49:53', NULL, 34),
	(36, 1, 4, 'Назначен ответственный за выполнение заявки', '2022-12-25 15:50:56', '2022-12-25 15:50:56', NULL, 35),
	(37, 1, 4, 'Назначен ответственный за выполнение заявки', '2022-12-25 15:52:53', '2022-12-25 15:52:53', NULL, 35),
	(38, 1, 4, 'Назначен ответственный за выполнение заявки', '2022-12-25 15:54:34', '2022-12-25 15:54:34', NULL, 35),
	(39, 1, 4, 'Назначен ответственный за выполнение заявки', '2022-12-25 15:54:36', '2022-12-25 15:54:36', NULL, 35),
	(40, 1, 4, 'Назначен ответственный за выполнение заявки', '2022-12-25 15:55:37', '2022-12-25 15:55:37', NULL, 35),
	(41, 1, 4, 'Назначен ответственный за выполнение заявки', '2022-12-25 15:56:16', '2022-12-25 15:56:16', NULL, 35),
	(42, 1, 4, 'Назначен ответственный за выполнение заявки', '2022-12-25 15:56:42', '2022-12-25 15:56:42', NULL, 35),
	(43, 1, 4, 'Назначен ответственный за выполнение заявки', '2022-12-25 15:57:03', '2022-12-25 15:57:03', NULL, 35),
	(44, 1, 4, 'Назначен ответственный за выполнение заявки', '2022-12-25 15:57:14', '2022-12-25 15:57:14', NULL, 35),
	(45, 1, 3, 'Заявка создана', '2022-12-25 16:04:21', '2022-12-25 16:04:21', NULL, 39),
	(46, 1, 4, 'Принял для выполнения', '2022-12-25 16:04:34', '2022-12-25 16:04:34', NULL, 39);

-- Дамп данных таблицы mediaservice.history_clients: ~10 rows (приблизительно)
DELETE FROM `history_clients`;
INSERT INTO `history_clients` (`id`, `client_id`, `user_id`, `status_id`, `comment`, `created_at`, `updated_at`, `deleted_at`) VALUES
	(1, 38, 1, 4, 'Создан новый клиент', '2022-11-25 02:48:41', '2022-11-25 02:48:41', NULL),
	(2, 39, 1, 4, 'Создан новый клиент', '2022-11-25 02:49:12', '2022-11-25 02:49:12', NULL),
	(3, 39, 1, 2, 'Совершен звонок, покорили о размещении рекламы на радио', '2022-11-26 00:02:32', '2022-11-26 00:02:32', NULL),
	(4, 39, 1, 3, '43234', '2022-11-26 00:11:42', '2022-11-26 00:11:42', NULL),
	(5, 39, 1, 2, '123123', '2022-11-26 01:33:58', '2022-11-26 01:33:58', NULL),
	(6, 39, 1, 3, 'twwewtwtewt', '2022-11-28 01:19:58', '2022-11-28 01:19:58', NULL),
	(7, 40, 3, 4, '', NULL, NULL, NULL),
	(9, 39, 1, 2, '123123', '2022-12-08 08:12:36', '2022-12-08 08:12:36', NULL),
	(11, 39, 1, 2, '123', '2022-12-25 09:56:43', '2022-12-25 09:56:43', NULL),
	(12, 41, 1, 4, 'Создан новый клиент', '2022-12-25 15:08:39', '2022-12-25 15:08:39', NULL);

-- Дамп данных таблицы mediaservice.history_payments: ~10 rows (приблизительно)
DELETE FROM `history_payments`;
INSERT INTO `history_payments` (`id`, `claim_id`, `user_id`, `status_id`, `comment`, `created_at`, `updated_at`, `deleted_at`) VALUES
	(1, 37, 1, 3, 'Заявка не оплачена', '2022-12-14 01:39:13', '2022-12-14 01:39:13', NULL),
	(2, 37, 1, 5, 'Заявка не оплачена', '2022-12-14 01:39:13', '2022-12-14 01:39:13', NULL),
	(3, 38, 1, 3, 'Заявка не оплачена', '2022-12-14 01:40:51', '2022-12-14 01:40:51', NULL),
	(4, 37, 1, 6, 'Выставлен счет', '2022-12-14 01:42:59', '2022-12-14 01:42:59', NULL),
	(5, 35, 1, 4, NULL, '2022-12-14 10:51:01', '2022-12-14 10:51:01', NULL),
	(6, 38, 1, 4, NULL, '2022-12-15 07:14:38', '2022-12-15 07:14:38', NULL),
	(7, 33, 1, 4, NULL, '2022-12-15 07:29:27', '2022-12-15 07:29:27', NULL),
	(8, 37, 1, 4, NULL, '2022-12-15 10:20:01', '2022-12-15 10:20:01', NULL),
	(9, 39, 1, 3, 'Заявка не оплачена', '2022-12-25 16:04:21', '2022-12-25 16:04:21', NULL),
	(10, 39, 1, 5, 'Счет не выставлен', '2022-12-25 16:04:21', '2022-12-25 16:04:21', NULL);

-- Дамп данных таблицы mediaservice.lpr_clients: ~2 rows (приблизительно)
DELETE FROM `lpr_clients`;
INSERT INTO `lpr_clients` (`id`, `surname`, `name`, `patron`, `phone`, `date_of_birth`, `comment`, `client_id`, `created_at`, `updated_at`, `post`) VALUES
	(1, 'Иванов', 'Иван', 'Иванович', '+7(914)808-95-55', '1997-01-30', 'Интересы ЛПР', 32, '2022-11-07 23:17:30', '2022-11-07 23:25:50', 'Директор'),
	(2, '1', '0', '2', '+7(666)666-66-66', '2014-12-26', NULL, 39, '2022-12-25 10:08:14', '2022-12-25 10:08:14', '2');

-- Дамп данных таблицы mediaservice.materials: ~0 rows (приблизительно)
DELETE FROM `materials`;

-- Дамп данных таблицы mediaservice.migrations: ~76 rows (приблизительно)
DELETE FROM `migrations`;
INSERT INTO `migrations` (`id`, `migration`, `batch`) VALUES
	(1, '2014_10_12_000000_create_users_table', 1),
	(2, '2014_10_12_100000_create_password_resets_table', 1),
	(3, '2019_08_19_000000_create_failed_jobs_table', 1),
	(4, '2019_12_14_000001_create_personal_access_tokens_table', 1),
	(5, '2022_10_26_075236_create_clients_table', 1),
	(6, '2022_10_26_080759_create_lpr_clients_table', 1),
	(7, '2022_10_27_012718_create_requisites_clients_table', 1),
	(8, '2022_10_27_014345_add_column_site', 1),
	(9, '2022_10_27_055124_add_column_post', 1),
	(10, '2022_10_30_050201_add_column_logo', 1),
	(11, '2022_11_06_151731_alter_column_logo', 2),
	(13, '2022_11_06_152128_alter_columns_requisites', 3),
	(14, '2022_11_06_162621_alter_clients_table', 4),
	(15, '2022_11_07_185556_alter_lpr_client_id', 5),
	(16, '2022_11_07_193449_alter_lpr_client_comment', 6),
	(17, '2022_11_08_150643_alter_table_users', 7),
	(18, '2022_11_08_151042_create_groups', 7),
	(19, '2022_11_08_151119_create_roles', 7),
	(20, '2022_11_09_154113_alter_add_column_photo', 7),
	(22, '2022_11_11_201000_alter_add_column_role', 8),
	(23, '2022_11_11_204209_alter_null_photo', 9),
	(24, '2022_11_14_152249_soft_delete_users', 10),
	(25, '2022_11_15_181726_alter_add_isallow_clients', 11),
	(26, '2022_11_15_183854_alter_isnull_clients', 12),
	(27, '2022_11_15_184549_alter_inn_null', 13),
	(28, '2022_11_15_121046_create_categories_table', 14),
	(29, '2022_11_16_111447_create_services_table', 14),
	(30, '2022_11_16_155503_alter_softdel_category', 14),
	(31, '2022_11_16_164527_alter_softdel_services', 14),
	(32, '2022_11_18_085301_alter_services_add_columns', 15),
	(33, '2022_11_18_091101_create_packages_table', 15),
	(34, '2022_11_18_091118_create_status_materials_table', 15),
	(35, '2022_11_18_091512_alter_services_drop_col', 15),
	(36, '2022_11_18_134632_add_column_user', 15),
	(37, '2022_11_23_112523_create_status_clients_table', 15),
	(38, '2022_11_23_115407_alter_add_column_color', 15),
	(39, '2022_11_24_144418_create_history_clients_table', 15),
	(40, '2022_11_24_202812_alter_add_column_is_visible', 16),
	(41, '2022_11_24_204525_create_goals_table', 17),
	(43, '2022_11_24_205343_alter_add_column_client_id', 18),
	(58, '2022_11_26_090555_alter_add_column_is_read', 19),
	(59, '2022_11_28_145934_alter_add_column_is_read_expired', 19),
	(60, '2022_11_30_104516_create_status_claims_table', 19),
	(61, '2022_11_30_105705_alter_add_column_color_claim', 19),
	(62, '2022_11_30_161402_create_history_claims_table', 19),
	(63, '2022_11_30_161421_create_claims_table', 19),
	(64, '2022_11_30_180710_alter_add_column_claim_id', 20),
	(65, '2022_12_02_110812_alter_add_columns', 21),
	(66, '2022_12_02_113155_create_materials_table', 21),
	(67, '2022_12_02_113315_alter_drop_column_materials', 21),
	(68, '2022_12_05_120933_create_temporary_files_table', 21),
	(69, '2022_12_05_150835_alter_def_user_id', 21),
	(70, '2022_12_05_151518_alter_def_columns', 21),
	(71, '2022_12_05_162226_create_claim_files_table', 21),
	(72, '2022_12_05_191559_alter_add_creator', 21),
	(73, '2022_12_05_192102_alter_add_is_visible', 21),
	(74, '2022_12_06_142536_alter_add_column_is_read_claims', 21),
	(75, '2022_12_07_161825_alert_add_comment', 21),
	(76, '2022_12_08_122240_alter_table_hs_comment', 21),
	(77, '2022_12_08_200902_alter_table_add_columns_complete', 21),
	(78, '2022_12_09_094511_alter_table_add_columns_repeat', 21),
	(79, '2022_12_09_095130_alter_table_add_columns_roles', 21),
	(80, '2022_12_10_160320_create_goal_files_table', 21),
	(81, '2022_12_12_135237_create_status_payments_table', 21),
	(82, '2022_12_12_141034_create_sales_plans_table', 21),
	(83, '2022_12_14_102514_create_history_payments_table', 21),
	(84, '2022_12_14_194936_alter_nullable_comment_history_pay', 21),
	(85, '2022_12_17_155323_add_date', 21),
	(86, '2022_12_18_224200_alter_add_color_goals', 21),
	(87, '2022_12_19_081214_alter_add_allday_goals', 21),
	(88, '2022_12_19_164135_alter_table_add_rrule', 21),
	(89, '2022_12_24_170304_alter_add_remind_goals', 22),
	(90, '2022_12_25_131202_alter_add_birthday_goals', 23),
	(91, '2022_12_25_132431_alter_add_user_id', 24),
	(92, '2022_12_25_184137_alter_add_claim_id', 25),
	(93, '2022_12_25_190837_alter_is_allow_default', 26),
	(94, '2022_12_25_201255_create_active_ads_table', 27);

-- Дамп данных таблицы mediaservice.packages: ~3 rows (приблизительно)
DELETE FROM `packages`;
INSERT INTO `packages` (`id`, `name`, `service_id`, `created_at`, `updated_at`, `deleted_at`) VALUES
	(1, '32123', 1, '2022-11-23 01:55:28', '2022-11-23 02:14:55', '2022-11-23 02:14:55'),
	(2, 'Тестовое название', 7, '2022-11-23 02:14:49', '2022-12-05 05:08:37', '2022-12-05 05:08:37'),
	(3, '123123', 6, '2022-12-05 05:08:41', '2022-12-05 05:08:41', NULL);

-- Дамп данных таблицы mediaservice.password_resets: ~0 rows (приблизительно)
DELETE FROM `password_resets`;

-- Дамп данных таблицы mediaservice.personal_access_tokens: ~0 rows (приблизительно)
DELETE FROM `personal_access_tokens`;

-- Дамп данных таблицы mediaservice.requisites_clients: ~10 rows (приблизительно)
DELETE FROM `requisites_clients`;
INSERT INTO `requisites_clients` (`id`, `fullName`, `legalForm`, `INN`, `OGRN`, `lawAddress`, `checkingAccount`, `correspondentAccount`, `BIC`, `nameBank`, `KPP`, `KBK`, `buhName`, `phone`, `client_id`, `created_at`, `updated_at`) VALUES
	(13, 'Тестовое название полное', 'ИП', '123456789012', '1234567890123', 'Чита', '12345678901234567890', '12345678901234567890', '123456789', 'Сбербанк', '123456789', '12345678901234567890', 'Петров Петр Петрович', '+7(914)444-44-44', 32, '2022-11-06 12:35:24', '2022-11-08 02:41:20'),
	(14, NULL, NULL, '12335', NULL, NULL, NULL, NULL, NULL, NULL, NULL, NULL, NULL, NULL, 33, '2022-11-07 02:46:52', '2022-11-07 02:46:52'),
	(15, NULL, NULL, '880055535351', NULL, NULL, NULL, NULL, NULL, NULL, NULL, NULL, NULL, NULL, 34, '2022-11-08 02:40:01', '2022-11-08 02:40:01'),
	(16, NULL, NULL, NULL, NULL, NULL, NULL, NULL, NULL, NULL, NULL, NULL, NULL, NULL, 35, '2022-11-17 08:21:41', '2022-11-17 08:21:41'),
	(17, NULL, NULL, NULL, NULL, NULL, NULL, NULL, NULL, NULL, NULL, NULL, NULL, NULL, 36, '2022-11-25 02:47:24', '2022-11-25 02:47:24'),
	(18, NULL, NULL, NULL, NULL, NULL, NULL, NULL, NULL, NULL, NULL, NULL, NULL, NULL, 37, '2022-11-25 02:48:08', '2022-11-25 02:48:08'),
	(19, NULL, NULL, NULL, NULL, NULL, NULL, NULL, NULL, NULL, NULL, NULL, NULL, NULL, 38, '2022-11-25 02:48:41', '2022-11-25 02:48:41'),
	(20, NULL, NULL, NULL, NULL, NULL, NULL, NULL, NULL, NULL, NULL, NULL, NULL, NULL, 39, '2022-11-25 02:49:12', '2022-11-25 02:49:12'),
	(21, NULL, NULL, '123456789016', NULL, NULL, NULL, NULL, NULL, NULL, NULL, NULL, NULL, NULL, 40, '2022-12-05 07:02:13', '2022-12-05 07:02:13'),
	(22, NULL, NULL, NULL, NULL, NULL, NULL, NULL, NULL, NULL, NULL, NULL, NULL, NULL, 41, '2022-12-25 15:08:39', '2022-12-25 15:08:39');

-- Дамп данных таблицы mediaservice.roles: ~3 rows (приблизительно)
DELETE FROM `roles`;
INSERT INTO `roles` (`id`, `name`, `level`, `group_id`, `created_at`, `updated_at`) VALUES
	(2, 'Руководитель отдела продаж', 1, 3, '2022-11-09 02:13:04', '2022-11-09 02:13:04'),
	(3, 'Менеджер по продажам', 2, 3, '2022-11-09 03:41:23', '2022-11-09 03:44:45'),
	(4, 'Видеомейкер', 1, 2, '2022-11-18 00:59:42', '2022-11-18 00:59:42');

-- Дамп данных таблицы mediaservice.sales_plans: ~9 rows (приблизительно)
DELETE FROM `sales_plans`;
INSERT INTO `sales_plans` (`id`, `user_id`, `plan`, `month`, `created_at`, `updated_at`, `deleted_at`) VALUES
	(1, 3, 2134.00, '2022-12-01', '2022-12-12 06:56:35', '2022-12-13 07:45:26', NULL),
	(2, 3, 78897.00, '2022-11-01', '2022-12-12 07:23:39', '2022-12-13 02:06:02', NULL),
	(3, 8, 45654.00, '2022-05-01', '2022-12-13 01:33:18', '2022-12-13 01:48:18', '2022-12-13 01:48:18'),
	(4, 3, 123.00, '2022-10-01', '2022-12-13 02:23:12', '2022-12-13 02:24:51', '2022-12-13 02:24:51'),
	(5, 3, 31.00, '2022-07-01', '2022-12-13 02:24:20', '2022-12-13 02:24:46', '2022-12-13 02:24:46'),
	(6, 3, 5532.00, '2022-10-01', '2022-12-13 02:29:24', '2022-12-13 07:45:42', NULL),
	(7, 1, 4567.00, '2022-12-01', '2022-12-13 07:42:11', '2022-12-13 07:42:11', NULL),
	(8, 8, 2133.00, '2022-12-01', '2022-12-13 08:01:09', '2022-12-13 08:01:09', NULL),
	(9, 10, 3322.00, '2022-12-01', '2022-12-13 08:01:28', '2022-12-13 08:01:28', NULL);

-- Дамп данных таблицы mediaservice.services: ~8 rows (приблизительно)
DELETE FROM `services`;
INSERT INTO `services` (`id`, `name`, `category_id`, `group_id`, `created_at`, `updated_at`, `deleted_at`, `isRequiredMaterial`, `isPackage`, `isPeriod`, `isBrif`, `isOutput`, `user_id`) VALUES
	(1, 'Изготовление рекламы', 1, 2, '2022-11-16 08:01:18', '2022-11-23 02:14:37', NULL, 1, 0, 0, 1, 0, NULL),
	(3, '123', 1, 3, '2022-11-19 00:12:41', '2022-11-19 03:44:50', '2022-11-19 03:44:50', 1, 1, 1, 0, 0, NULL),
	(4, '4444', 2, 3, '2022-11-19 00:13:13', '2022-11-19 03:44:53', NULL, 0, 1, 0, 0, 1, NULL),
	(5, '4545', 1, 2, '2022-11-19 00:15:41', '2022-11-19 03:44:55', '2022-11-19 03:44:55', 0, 0, 0, 0, 0, NULL),
	(6, '3453455345', 1, 3, '2022-11-19 00:16:34', '2022-12-05 10:11:21', NULL, 1, 1, 1, 1, 1, 3),
	(7, 'Новая услуга', 1, 3, '2022-12-06 05:19:54', '2022-12-06 05:24:20', NULL, 1, 1, 0, 0, 0, 1),
	(8, 'Аудиоролик', 2, 3, '2022-12-08 03:17:31', '2022-12-08 03:17:31', NULL, 1, 1, 1, 1, 1, 1),
	(9, '312123123132', 1, 2, '2022-12-25 16:00:02', '2022-12-25 16:00:15', '2022-12-25 16:00:15', 0, 0, 0, 0, 0, NULL);

-- Дамп данных таблицы mediaservice.status_claims: ~6 rows (приблизительно)
DELETE FROM `status_claims`;
INSERT INTO `status_claims` (`id`, `name`, `created_at`, `updated_at`, `deleted_at`, `color`, `isVisible`) VALUES
	(1, '3243234123123', '2022-11-30 07:08:03', '2022-11-30 07:11:02', '2022-11-30 07:11:02', 'danger', 1),
	(2, 'В работе', '2022-11-30 07:11:08', '2022-12-08 03:24:58', NULL, 'warning', 1),
	(3, 'Заявка создана', '2022-11-30 07:11:08', '2022-11-30 07:11:08', NULL, 'success', 0),
	(4, 'Назначен ответственный', '2022-12-06 07:50:34', '2022-12-06 07:50:34', NULL, 'info', 0),
	(5, 'Заявка закрыта', '2022-12-08 12:13:30', '2022-12-08 12:13:30', NULL, 'danger', 0),
	(6, 'Счет выставлен', '2022-12-09 06:24:20', '2022-12-09 06:24:20', NULL, 'success', 0);

-- Дамп данных таблицы mediaservice.status_clients: ~4 rows (приблизительно)
DELETE FROM `status_clients`;
INSERT INTO `status_clients` (`id`, `name`, `created_at`, `updated_at`, `deleted_at`, `color`, `isVisible`) VALUES
	(1, 'Совершить первый звонок', '2022-11-23 02:33:56', '2022-11-23 02:34:12', '2022-11-23 02:34:12', '', 1),
	(2, 'Совершить первый звонок', '2022-11-23 02:34:15', '2022-11-23 03:00:27', NULL, 'info', 1),
	(3, 'Идет размещение', '2022-11-23 02:56:41', '2022-11-23 03:06:06', NULL, 'success', 1),
	(4, 'Создан клиент', '2022-11-25 02:48:01', '2022-11-25 02:48:01', NULL, 'success', 0);

-- Дамп данных таблицы mediaservice.status_materials: ~0 rows (приблизительно)
DELETE FROM `status_materials`;
INSERT INTO `status_materials` (`id`, `name`, `created_at`, `updated_at`, `deleted_at`) VALUES
	(1, '123', '2022-11-21 07:50:14', '2022-11-21 07:52:23', NULL);

-- Дамп данных таблицы mediaservice.status_payments: ~6 rows (приблизительно)
DELETE FROM `status_payments`;
INSERT INTO `status_payments` (`id`, `name`, `color`, `isVisible`, `created_at`, `updated_at`, `deleted_at`) VALUES
	(1, '132132', 'info', 1, '2022-12-12 05:06:36', '2022-12-12 05:09:45', '2022-12-12 05:09:45'),
	(2, 'dfssdgsg', 'danger', 1, '2022-12-12 05:09:50', '2022-12-14 01:35:41', '2022-12-14 01:35:41'),
	(3, 'Не оплачен', 'danger', 1, '2022-12-14 01:35:50', '2022-12-14 01:35:50', NULL),
	(4, 'Оплачен', 'success', 1, '2022-12-14 01:36:22', '2022-12-14 01:36:22', NULL),
	(5, 'Счет не выставлен', 'warning', 1, '2022-12-14 01:36:28', '2022-12-14 01:36:28', NULL),
	(6, 'Счет выставлен', 'info', 1, '2022-12-14 01:40:20', '2022-12-14 01:40:20', NULL);

-- Дамп данных таблицы mediaservice.temporary_files: ~71 rows (приблизительно)
DELETE FROM `temporary_files`;
INSERT INTO `temporary_files` (`id`, `folder`, `filename`, `created_at`, `updated_at`) VALUES
	(1, '63919f0cdd9a4-1670487820', 'translate.png', '2022-12-08 08:23:40', '2022-12-08 08:23:40'),
	(2, '63919f0cdd9a4-1670487820', 'microphone.png', '2022-12-08 08:23:40', '2022-12-08 08:23:40'),
	(3, '63919f0f252f2-1670487823', 'competence.png', '2022-12-08 08:23:43', '2022-12-08 08:23:43'),
	(4, '63942eef1c2e4-1670655727', 'true.png', '2022-12-10 07:02:07', '2022-12-10 07:02:07'),
	(5, '639d72db4f3f2-1671262939', 'microphone.png', '2022-12-17 07:42:19', '2022-12-17 07:42:19'),
	(6, '639d72db4f3f3-1671262939', 'translate.png', '2022-12-17 07:42:19', '2022-12-17 07:42:19'),
	(7, '639d769c3cd76-1671263900', 'translate.png', '2022-12-17 07:58:20', '2022-12-17 07:58:20'),
	(8, '639d769c3cd76-1671263900', 'microphone.png', '2022-12-17 07:58:20', '2022-12-17 07:58:20'),
	(9, '639d772a08f1d-1671264042', 'microphone.png', '2022-12-17 08:00:42', '2022-12-17 08:00:42'),
	(10, '639d772a0d4f0-1671264042', 'translate.png', '2022-12-17 08:00:42', '2022-12-17 08:00:42'),
	(11, '639d7779a07e5-1671264121', 'microphone.png', '2022-12-17 08:02:01', '2022-12-17 08:02:01'),
	(12, '639d7779a3089-1671264121', 'translate.png', '2022-12-17 08:02:01', '2022-12-17 08:02:01'),
	(13, '639d778f5b35d-1671264143', 'translate.png', '2022-12-17 08:02:23', '2022-12-17 08:02:23'),
	(14, '639d778f5a3fd-1671264143', 'microphone.png', '2022-12-17 08:02:23', '2022-12-17 08:02:23'),
	(15, '639d77f7caf0d-1671264247', 'microphone.png', '2022-12-17 08:04:07', '2022-12-17 08:04:07'),
	(16, '639d77f7cd6a3-1671264247', 'translate.png', '2022-12-17 08:04:07', '2022-12-17 08:04:07'),
	(17, '639d78a52b19c-1671264421', 'microphone.png', '2022-12-17 08:07:01', '2022-12-17 08:07:01'),
	(18, '639d78a52b19c-1671264421', 'translate.png', '2022-12-17 08:07:01', '2022-12-17 08:07:01'),
	(19, '639d78e4910af-1671264484', 'translate.png', '2022-12-17 08:08:04', '2022-12-17 08:08:04'),
	(20, '639d78e4913f0-1671264484', 'microphone.png', '2022-12-17 08:08:04', '2022-12-17 08:08:04'),
	(21, '639d790a42772-1671264522', 'microphone.png', '2022-12-17 08:08:42', '2022-12-17 08:08:42'),
	(22, '639d790a42787-1671264522', 'translate.png', '2022-12-17 08:08:42', '2022-12-17 08:08:42'),
	(23, '639d792431761-1671264548', 'microphone.png', '2022-12-17 08:09:08', '2022-12-17 08:09:08'),
	(24, '639d792431b1c-1671264548', 'translate.png', '2022-12-17 08:09:08', '2022-12-17 08:09:08'),
	(25, '639d793d873f1-1671264573', 'translate.png', '2022-12-17 08:09:33', '2022-12-17 08:09:33'),
	(26, '639d79a5219d4-1671264677', 'translate.png', '2022-12-17 08:11:17', '2022-12-17 08:11:17'),
	(27, '639d79a5219d4-1671264677', 'microphone.png', '2022-12-17 08:11:17', '2022-12-17 08:11:17'),
	(28, '639d79c573738-1671264709', 'microphone.png', '2022-12-17 08:11:49', '2022-12-17 08:11:49'),
	(29, '639d79c573734-1671264709', 'translate.png', '2022-12-17 08:11:49', '2022-12-17 08:11:49'),
	(30, '639d7a5b3f523-1671264859', 'microphone.png', '2022-12-17 08:14:19', '2022-12-17 08:14:19'),
	(31, '639d7a5b45aaf-1671264859', 'translate.png', '2022-12-17 08:14:19', '2022-12-17 08:14:19'),
	(32, '639d7a7c9d079-1671264892', 'microphone.png', '2022-12-17 08:14:52', '2022-12-17 08:14:52'),
	(33, '639d7a7c9d07b-1671264892', 'translate.png', '2022-12-17 08:14:52', '2022-12-17 08:14:52'),
	(34, '639d7af69c098-1671265014', 'translate.png', '2022-12-17 08:16:54', '2022-12-17 08:16:54'),
	(35, '639d7af69f396-1671265014', 'microphone.png', '2022-12-17 08:16:54', '2022-12-17 08:16:54'),
	(36, '639d7b84df37d-1671265156', 'translate.png', '2022-12-17 08:19:16', '2022-12-17 08:19:16'),
	(37, '639d7b84e7046-1671265156', 'microphone.png', '2022-12-17 08:19:16', '2022-12-17 08:19:16'),
	(38, '639d7be76b483-1671265255', 'translate.png', '2022-12-17 08:20:55', '2022-12-17 08:20:55'),
	(39, '639d7c1106c7a-1671265297', 'microphone.png', '2022-12-17 08:21:37', '2022-12-17 08:21:37'),
	(40, '639d7c1106161-1671265297', 'translate.png', '2022-12-17 08:21:37', '2022-12-17 08:21:37'),
	(41, '639d7ec31c75c-1671265987', 'microphone.png', '2022-12-17 08:33:07', '2022-12-17 08:33:07'),
	(42, '639d7ec31fd19-1671265987', 'translate.png', '2022-12-17 08:33:07', '2022-12-17 08:33:07'),
	(43, '639d7ef723764-1671266039', 'microphone.png', '2022-12-17 08:33:59', '2022-12-17 08:33:59'),
	(44, '639d7ef723777-1671266039', 'translate.png', '2022-12-17 08:33:59', '2022-12-17 08:33:59'),
	(45, '639d7f36499ab-1671266102', 'microphone.png', '2022-12-17 08:35:02', '2022-12-17 08:35:02'),
	(46, '639d7f365171d-1671266102', 'translate.png', '2022-12-17 08:35:02', '2022-12-17 08:35:02'),
	(47, '639d8014c802b-1671266324', 'translate.png', '2022-12-17 08:38:44', '2022-12-17 08:38:44'),
	(48, '639d8014e51f9-1671266324', 'microphone.png', '2022-12-17 08:38:44', '2022-12-17 08:38:44'),
	(49, '639d804d99e50-1671266381', 'microphone.png', '2022-12-17 08:39:41', '2022-12-17 08:39:41'),
	(50, '639d804d99e4f-1671266381', 'translate.png', '2022-12-17 08:39:41', '2022-12-17 08:39:41'),
	(51, '639d8060486d2-1671266400', 'microphone.png', '2022-12-17 08:40:00', '2022-12-17 08:40:00'),
	(52, '639d806048860-1671266400', 'translate.png', '2022-12-17 08:40:00', '2022-12-17 08:40:00'),
	(53, '639d88255a737-1671268389', 'translate.png', '2022-12-17 09:13:09', '2022-12-17 09:13:09'),
	(54, '639d88b41c37e-1671268532', 'translate.png', '2022-12-17 09:15:32', '2022-12-17 09:15:32'),
	(55, '639d891388bec-1671268627', 'bpxg50q4i.png', '2022-12-17 09:17:07', '2022-12-17 09:17:07'),
	(56, '639d897be123a-1671268731', 'translate.png', '2022-12-17 09:18:51', '2022-12-17 09:18:51'),
	(57, '639d8d5ecad8c-1671269726', 'microphone.png', '2022-12-17 09:35:26', '2022-12-17 09:35:26'),
	(58, '639d8d5ed3936-1671269726', 'translate.png', '2022-12-17 09:35:26', '2022-12-17 09:35:26'),
	(59, '639d8d7df1efe-1671269757', 'translate.png', '2022-12-17 09:35:58', '2022-12-17 09:35:58'),
	(60, '639d8d7df1efe-1671269757', 'microphone.png', '2022-12-17 09:35:58', '2022-12-17 09:35:58'),
	(61, '639d8d89a23f5-1671269769', 'microphone.png', '2022-12-17 09:36:09', '2022-12-17 09:36:09'),
	(62, '639d8d89a2523-1671269769', 'translate.png', '2022-12-17 09:36:09', '2022-12-17 09:36:09'),
	(63, '639d8da802230-1671269800', 'translate.png', '2022-12-17 09:36:40', '2022-12-17 09:36:40'),
	(64, '639d8dfe91450-1671269886', 'microphone.png', '2022-12-17 09:38:06', '2022-12-17 09:38:06'),
	(65, '639d8dfe93510-1671269886', 'translate.png', '2022-12-17 09:38:06', '2022-12-17 09:38:06'),
	(66, '639d8e9563854-1671270037', 'microphone.png', '2022-12-17 09:40:37', '2022-12-17 09:40:37'),
	(67, '639d8e9563854-1671270037', 'translate.png', '2022-12-17 09:40:37', '2022-12-17 09:40:37'),
	(68, '639d91b2e2fa6-1671270834', 'translate.png', '2022-12-17 09:53:54', '2022-12-17 09:53:54'),
	(69, '639d91b2e2fa6-1671270834', 'microphone.png', '2022-12-17 09:53:54', '2022-12-17 09:53:54'),
	(70, '639d92c16f1fc-1671271105', 'microphone.png', '2022-12-17 09:58:25', '2022-12-17 09:58:25'),
	(71, '639d92c1708b1-1671271105', 'translate.png', '2022-12-17 09:58:25', '2022-12-17 09:58:25'),
	(72, '63a6ead57e7c8-1671883477', '4853433.png', '2022-12-24 18:04:37', '2022-12-24 18:04:37');

-- Дамп данных таблицы mediaservice.users: ~10 rows (приблизительно)
DELETE FROM `users`;
INSERT INTO `users` (`id`, `name`, `email`, `email_verified_at`, `password`, `remember_token`, `created_at`, `updated_at`, `surname`, `patron`, `phone`, `photo`, `role_id`, `deleted_at`, `userInvoice`, `userLeader`) VALUES
	(1, 'Иван', 'romerayun@gmail.com', NULL, '$2y$10$xEHZIYcD4EwikhsiLPlhi.1cXVLvxgNcJceHeF5qa42k1NKqjDK7G', NULL, '2022-11-12 04:01:04', '2022-11-15 06:29:29', 'Иванов', 'Иванович', '+7(123)123-13-13', NULL, 2, NULL, 1, 1),
	(3, 'Роман', 'info@test.ru', NULL, '$2y$10$fPKaLqpeSGW2iJe6r.siBuxbodKp0E3eh76ibBxVC9QmW74G0n796', NULL, '2022-11-12 04:02:11', '2022-11-12 04:02:11', 'Юн', 'Евгенеьвич', '+7(213)123-12-31', 'images/2022-11-12/kWlgUMZYAQuLuGJEGKciI5vWd2CPCY3GZxy8hsCi.png', 2, NULL, 0, 0),
	(4, '123', 't2@t.ruy', NULL, '$2y$10$VHLyJSu982dH7y607wHITejGrh/tR0eXxR1PVEGqDaAMTgMpLdJXS', NULL, '2022-11-12 04:21:59', '2022-11-14 06:27:37', '132', '13', '+7(123)312-31-13', NULL, 2, '2022-11-14 06:27:37', 0, 0),
	(5, '123123123123123', 'r2@t.ru', NULL, '$2y$10$lLpM8gW.894F.J6detfHoOvlNlOjclHhwWRSoI8gqteEipxHLh81e', NULL, '2022-11-12 04:23:06', '2022-11-14 06:27:34', '112312312312123123', '12312312312123', '+7(131)123-13-23', NULL, 3, '2022-11-14 06:27:34', 0, 0),
	(6, '321', 'rr2@h.ru', NULL, '$2y$10$xlarOQAf3G/rrDCQ6VVUJu1ySV4yOMeks9ex1VaMe9vrz/MSvvIMa', NULL, '2022-11-12 04:26:39', '2022-11-14 06:27:32', '123', '2332', '+7(123)123-12-31', NULL, 2, '2022-11-14 06:27:32', 0, 0),
	(7, 'л', 'chtotib-it@mail.ru', NULL, '$2y$10$7Ikxzxd/CaFpHTxSyOm3m.2iMUPYAHUl0gikw0/U.ubhADjqCFzVO', NULL, '2022-11-14 01:31:55', '2022-11-14 06:27:10', 'Лох', 'л', '+7(123)456-78-90', NULL, 2, '2022-11-14 06:27:10', 0, 0),
	(8, '312', 'tt@t.ru', NULL, '$2y$10$bgOgLQVmD7JRzqrgjyjSDejlPtBUV6dxSnXma6ecm4yPGHUbF9QVO', NULL, '2022-11-18 01:00:00', '2022-11-18 01:00:00', '123', '312', '+7(211)231-23-12', NULL, 4, NULL, 0, 0),
	(9, 'Тест', 'easy.services.chita@gmail.com', NULL, '$2y$10$qnunuTwsdU7K9p0inTEgJ.yrojASg.pJ.aeRSf3DoxLbWMhRQU5fq', NULL, '2022-11-19 03:43:27', '2022-11-19 03:43:27', 'Тест', 'Тест', '+7(123)123-12-31', 'images/2022-11-19/KqvxbGqFNOxsfrJo7iErlP42kHI7uZXi71wSa9wV.jpg', 3, NULL, 0, 0),
	(10, '123', '123123@sdad.ru', NULL, '$2y$10$u9rhfAOOqkbLGradap7XlunlMkoZ8lYAhGnM9EHSe58cmi5cLhPCG', NULL, '2022-11-19 03:44:18', '2022-11-19 03:44:18', '34', '123', '+7(123)123-12-31', NULL, 2, NULL, 0, 0),
	(12, 'Петр', 'xojiha9771@cosaxu.com', NULL, '$2y$10$hC.p96x7UqffYswEZALleOoDbGSyc60ZtMovEE0i.YaQbdzhl/ncW', NULL, '2022-12-09 01:30:02', '2022-12-09 01:30:02', 'Петров', 'Петрович', '+7(123)123-32-13', NULL, 2, NULL, 1, 1);

/*!40103 SET TIME_ZONE=IFNULL(@OLD_TIME_ZONE, 'system') */;
/*!40101 SET SQL_MODE=IFNULL(@OLD_SQL_MODE, '') */;
/*!40014 SET FOREIGN_KEY_CHECKS=IFNULL(@OLD_FOREIGN_KEY_CHECKS, 1) */;
/*!40101 SET CHARACTER_SET_CLIENT=@OLD_CHARACTER_SET_CLIENT */;
/*!40111 SET SQL_NOTES=IFNULL(@OLD_SQL_NOTES, 1) */;
